n,z,bindingEnergy(keV)
1,0,0
1,1,1112.2831
2,1,2827.2654
3,1,1720.4491
4,1,1336.3592
5,1,961.6395
6,1,940
1,2,2572.68044
2,2,7073.9156
3,2,5512.1325
4,2,4878.5199
5,2,4123.0578
6,2,3924.521
7,2,3349.038
8,2,2995.134
1,3,1153.7603
2,3,5266.1325
3,3,5332.3312
4,3,5606.4401
5,3,5159.7124
6,3,5037.7685
7,3,4531.3512
8,3,4155.3817
9,3,3791.5999
10,3,3507.6307
1,4,18
2,4,4487.2478
3,4,5371.5487
4,4,7062.4356
5,4,6462.6693
6,4,6497.6306
7,4,5952.5402
8,4,5720.7223
9,4,5241.4359
10,4,4993.8973
11,4,4540.9708
12,4,4285.2851
1,5,-467
2,5,3558.7055
3,5,4717.1551
4,5,6257.0713
5,5,6475.0835
6,5,6927.7323
7,5,6631.2237
8,5,6496.4194
9,5,6101.6451
10,5,5880.0438
11,5,5507.3535
12,5,5269.6677
13,5,4976.6306
14,5,4719.6346
15,5,4405.6529
16,5,4152.5265
2,6,3101.5242
3,6,4337.4233
4,6,6032.0426
5,6,6676.4563
6,6,7680.1446
7,6,7469.8495
8,6,7520.3198
9,6,7100.1696
10,6,6922.0546
11,6,6558.0262
12,6,6426.1321
13,6,6118.274
14,6,5961.4356
15,6,5674
16,6,5421.0778
17,6,5077
3,7,3643.6724
4,7,5358.4023
5,7,6170.11
6,7,7238.8634
7,7,7475.6148
8,7,7699.4603
9,7,7373.7971
10,7,7286.2294
11,7,7038.5627
12,7,6948.5452
13,7,6709.1717
14,7,6609.0159
15,7,6378.5347
16,7,6236.6721
17,7,5887
18,7,5613
3,8,3162.4372
4,8,4881.9755
5,8,5811.7636
6,8,7052.2783
7,8,7463.6915
8,8,7976.2072
9,8,7750.7291
10,8,7767.0981
11,8,7566.4952
12,8,7568.5707
13,8,7389.3747
14,8,7364.8722
15,8,7163.4856
16,8,7039.6855
17,8,6727.8058
18,8,6497.479
19,8,6185
20,8,5988
4,9,4297
5,9,5285.2091
6,9,6497.4597
7,9,6964.049
8,9,7542.3284
9,9,7631.6383
10,9,7779.0192
11,9,7720.1351
12,9,7738.2934
13,9,7624.2954
14,9,7622.3447
15,9,7463.5831
16,9,7336.3065
17,9,7082.2497
18,9,6879.6662
19,9,6626.8567
20,9,6444.0314
21,9,6205
22,9,6011
5,10,4868.7285
6,10,6083.1777
7,10,6640.4991
8,10,7341.2577
9,10,7567.3431
10,10,8032.2412
11,10,7971.7136
12,10,8080.4656
13,10,7955.2561
14,10,7993.3252
15,10,7839.7994
16,10,7751.911
17,10,7520.4151
18,10,7388.3463
19,10,7167.0673
20,10,7034.5317
21,10,6813.0902
22,10,6671
23,10,6436
24,10,6287
6,11,5522.7653
7,11,6202.2176
8,11,6937.8864
9,11,7298.5028
10,11,7765.5581
11,11,7915.6624
12,11,8111.4936
13,11,8063.4882
14,11,8101.3979
15,11,8004.2013
16,11,7956.9467
17,11,7799.2644
18,11,7682.1522
19,11,7501.9685
20,11,7398.6778
21,11,7219.8815
22,11,7089.9262
23,11,6886.4377
24,11,6745
25,11,6557
26,11,6403
27,11,6216
28,11,6056
7,12,5901.4992
8,12,6728.0252
9,12,7105.0317
10,12,7662.7645
11,12,7901.1229
12,12,8260.7103
13,12,8223.5028
14,12,8333.8711
15,12,8263.8525
16,12,8272.4531
17,12,8113.5317
18,12,8054.425
19,12,7869.1886
20,12,7803.8411
21,12,7636.4382
22,12,7550.3919
23,12,7356.2338
24,12,7244.4202
25,12,7055.1115
26,12,6928
27,12,6734
28,12,6598
29,12,6425
8,13,6297
9,13,6782
10,13,7335.7275
11,13,7649.5806
12,13,8021.1366
13,13,8149.7653
14,13,8331.5533
15,13,8309.8969
16,13,8348.4647
17,13,8261.1049
18,13,8225.518
19,13,8100.3449
20,13,8020.6172
21,13,7860.3506
22,13,7787.1243
23,13,7623.5154
24,13,7531.316
25,13,7370
26,13,7260
27,13,7097
28,13,6980
29,13,6829
30,13,6712
8,14,6044
9,14,6554
10,14,7167.2329
11,14,7480.1109
12,14,7924.7083
13,14,8124.342
14,14,8447.7445
15,14,8448.6361
16,14,8520.6549
17,14,8458.2916
18,14,8481.469
19,14,8361.0596
20,14,8337.1659
21,14,8169.5644
22,14,8112.5199
23,14,7952.9033
24,14,7892.8297
25,14,7730.9793
26,14,7655.8247
27,14,7482
28,14,7410
29,14,7251
30,14,7156
31,14,7004
9,15,6165
10,15,6794
11,15,7198
12,15,7661.0894
13,15,7907.4842
14,15,8251.2368
15,15,8353.5064
16,15,8481.1677
17,15,8464.1203
18,15,8513.8073
19,15,8448.1856
20,15,8446.2496
21,15,8307.8692
22,15,8267.5561
23,15,8147.2749
24,15,8097.9701
25,15,7981.4177
26,15,7906.5513
27,15,7765.9122
28,15,7681
29,15,7552
30,15,7456
31,15,7320
32,15,7209
10,16,6525
11,16,6960
12,16,7478.7911
13,16,7746.3826
14,16,8122.7081
15,16,8281.8013
16,16,8493.1301
17,16,8497.6304
18,16,8583.4986
19,16,8537.8511
20,16,8575.39
21,16,8459.9363
22,16,8448.7829
23,16,8344.2698
24,16,8329.3255
25,16,8229.6358
26,16,8193.2275
27,16,8063.8276
28,16,7996.0154
29,16,7867
30,16,7785
31,16,7652
32,16,7552
33,16,7400
11,17,6587
12,17,7129
13,17,7472.1698
14,17,7869.2101
15,17,8072.4058
16,17,8304.7557
17,17,8398.9706
18,17,8520.279
19,17,8521.9322
20,17,8570.2816
21,17,8505.4817
22,17,8494.4032
23,17,8427.766
24,17,8412.9593
25,17,8345.8864
26,17,8323.8672
27,17,8234.4788
28,17,8181.5991
29,17,8080.7757
30,17,7992
31,17,7883
32,17,7785
33,17,7651
34,17,7530
35,17,7386
11,18,6276
12,18,6866
13,18,7252
14,18,7700.0089
15,18,7928.9559
16,18,8197.6724
17,18,8327.4621
18,18,8519.9096
19,18,8527.1406
20,18,8614.2807
21,18,8562.5988
22,18,8595.2594
23,18,8534.3733
24,18,8555.6141
25,18,8488.2382
26,18,8493.8411
27,18,8419.9526
28,18,8412.3835
29,18,8311.425
30,18,8243.6656
31,18,8132
32,18,8054
33,18,7922
34,18,7827
35,18,7677
36,18,7578
12,19,6487
13,19,6920
14,19,7392
15,19,7670
16,19,7965.8409
17,19,8142.2233
18,19,8339.848
19,19,8438.0593
20,19,8557.0258
21,19,8538.0907
22,19,8576.0731
23,19,8551.2571
24,19,8576.2204
25,19,8546.7023
26,19,8554.6747
27,19,8518.0428
28,19,8514.8795
29,19,8434.2324
30,19,8372.2753
31,19,8288.5833
32,19,8221.335
33,19,8115.0303
34,19,8022.8488
35,19,7891
36,19,7792
37,19,7663
38,19,7563
39,19,7437
40,19,7332
13,20,6657
14,20,7173
15,20,7476
16,20,7815.8799
17,20,8003.4567
18,20,8240.0434
19,20,8369.6711
20,20,8551.3046
21,20,8546.7075
22,20,8616.5646
23,20,8600.6653
24,20,8658.1769
25,20,8630.5467
26,20,8668.9848
27,20,8639.3548
28,20,8666.6916
29,20,8594.85
30,20,8550.1639
31,20,8476.9135
32,20,8429.3821
33,20,8330.5778
34,20,8247.4967
35,20,8125.926
36,20,8033.1654
37,20,7912
38,20,7828
39,20,7708
40,20,7627
41,20,7503
14,21,6828
15,21,7166
16,21,7525
17,21,7751
18,21,8013.4575
19,21,8173.6697
20,21,8369.1979
21,21,8444.9303
22,21,8530.8265
23,21,8557.3805
24,21,8618.941
25,21,8622.0215
26,21,8665.0958
27,21,8656.2097
28,21,8686.2805
29,21,8633.4747
30,21,8597.2213
31,21,8534.6695
32,21,8492.8325
33,21,8404.8115
34,21,8333.3694
35,21,8233.5781
36,21,8158.1666
37,21,8054.9436
38,21,7976.4073
39,21,7873
40,21,7794
41,21,7688
42,21,7603
15,22,6926
16,22,7319
17,22,7566
18,22,7865.8632
19,22,8034.3889
20,22,8259.24
21,22,8352.8054
22,22,8533.5215
23,22,8555.7321
24,22,8656.4623
25,22,8661.2325
26,22,8723.0122
27,22,8711.1625
28,22,8755.7227
29,22,8708.9912
30,22,8691.8193
31,22,8631.1256
32,22,8599.6917
33,22,8518.9696
34,22,8467.9495
35,22,8372.9008
36,22,8307.629
37,22,8218
38,22,8152.7858
39,22,8058
40,22,7990
41,22,7891
42,22,7826
43,22,7726
16,23,7031
17,23,7310
18,23,7625
19,23,7824
20,23,8069.5129
21,23,8203.4567
22,23,8380.0394
23,23,8486.1423
24,23,8582.2348
25,23,8623.0686
26,23,8682.9135
27,23,8695.9032
28,23,8742.0852
29,23,8714.569
30,23,8710.1425
31,23,8662.1382
32,23,8637.3391
33,23,8574.7006
34,23,8535.1967
35,23,8458.156
36,23,8403.8034
37,23,8322.8751
38,23,8271.0417
39,23,8187.7565
40,23,8130.7809
41,23,8045
42,23,7981
43,23,7894
44,23,7829
17,24,7116
18,24,7456
19,24,7680
20,24,7949.6265
21,24,8087.7286
22,24,8303.8233
23,24,8407.2067
24,24,8572.2553
25,24,8613.2777
26,24,8701.0188
27,24,8711.9923
28,24,8775.9946
29,24,8760.2103
30,24,8777.9672
31,24,8731.9362
32,24,8723.2609
33,24,8663.3998
34,24,8643.9987
35,24,8568.5995
36,24,8540.1876
37,24,8460.1734
38,24,8427.3871
39,24,8347.5398
40,24,8303.5626
41,24,8218
42,24,8168
43,24,8079
44,24,8026
45,24,7939
46,24,7884
18,25,7213
19,25,7457
20,25,7747
21,25,7916.0805
22,25,8135.3117
23,25,8274.1924
24,25,8439.915
25,25,8532.6823
26,25,8633.7602
27,25,8670.4087
28,25,8734.1798
29,25,8737.9768
30,25,8765.0247
31,25,8738.3358
32,25,8736.7146
33,25,8696.6438
34,25,8680.9224
35,25,8628.1392
36,25,8598.9157
37,25,8538.5002
38,25,8505.102
39,25,8437.4175
40,25,8400.6822
41,25,8331.7986
42,25,8281
43,25,8209
44,25,8155
45,25,8084
46,25,8030
47,25,7955
48,25,7895
19,26,7299
20,26,7603
21,26,7790
22,26,8022.7254
23,26,8161.3121
24,26,8354.0268
25,26,8460.4977
26,26,8609.6079
27,26,8648.7985
28,26,8736.3846
29,26,8746.5981
30,26,8790.3563
31,26,8770.2829
32,26,8792.2534
33,26,8754.7746
34,26,8755.8539
35,26,8703.7686
36,26,8692.8831
37,26,8631.5499
38,26,8612.3888
39,26,8546.347
40,26,8521.7245
41,26,8449.9359
42,26,8418
43,26,8345
44,26,8308
45,26,8235
46,26,8195
47,26,8121
48,26,8076
49,26,7996
50,26,7943
20,27,7396
21,27,7595
22,27,7840
23,27,8000.6387
24,27,8193.2549
25,27,8325.5606
26,27,8477.6578
27,27,8569.2199
28,27,8669.6204
29,27,8694.8386
30,27,8741.8845
31,27,8738.9719
32,27,8768.0379
33,27,8746.7692
34,27,8756.151
35,27,8721.3347
36,27,8717.7972
37,27,8675.5223
38,27,8656.8848
39,27,8605.9419
40,27,8581.7422
41,27,8520.1301
42,27,8495.4062
43,27,8434.198
44,27,8398.7344
45,27,8338
46,27,8302
47,27,8239
48,27,8197
49,27,8131
50,27,8082
51,27,7997
20,28,7236
21,28,7450
22,28,7702
23,28,7870
24,28,8083.8977
25,28,8217.0749
26,28,8393.0328
27,28,8497.3225
28,28,8642.7811
29,28,8670.9364
30,28,8732.0621
31,28,8736.5912
32,28,8780.7769
33,28,8765.0281
34,28,8794.5555
35,28,8763.4955
36,28,8777.4637
37,28,8736.2424
38,28,8739.5086
39,28,8695.7505
40,28,8682.4667
41,28,8623.0998
42,28,8604.2917
43,28,8543.1564
44,28,8520.2118
45,28,8457.6529
46,28,8433
47,28,8369
48,28,8338
49,28,8272
50,28,8238
51,28,8150
52,28,8088
53,28,8000
54,28,7935
23,29,7671
24,29,7891
25,29,8045
26,29,8233.997
27,29,8355.9907
28,29,8503.2646
29,29,8570.9696
30,29,8642.0027
31,29,8665.6047
32,29,8715.5148
33,29,8718.0839
34,29,8752.1404
35,29,8739.0736
36,29,8757.0967
37,29,8731.473
38,29,8737.4597
39,29,8701.8913
40,29,8695.2044
41,29,8646.8655
42,29,8635.0233
43,29,8586.5256
44,29,8568.5699
45,29,8521.5633
46,29,8495.0801
47,29,8443.6018
48,29,8411.2501
49,29,8354.6695
50,29,8320.938
51,29,8246
52,29,8185
53,29,8108
54,29,8044
55,29,7965
24,30,7742
25,30,7904
26,30,8106
27,30,8231
28,30,8395.9467
29,30,8473.7802
30,30,8583.0524
31,30,8610.3098
32,30,8679.3451
33,30,8686.2866
34,30,8735.9057
35,30,8724.266
36,30,8759.6335
37,30,8734.1534
38,30,8755.682
39,30,8722.7311
40,30,8729.8086
41,30,8689.0417
42,30,8691.8053
43,30,8648.3455
44,30,8642.7547
45,30,8592.4981
46,30,8582.2735
47,30,8530.0037
48,30,8507.38
49,30,8450.5825
50,30,8423.5457
51,30,8351.9262
52,30,8301.1175
53,30,8226
54,30,8171
55,30,8090
56,30,8032
25,31,7707
26,31,7916
27,31,8059
28,31,8232
29,31,8327
30,31,8446.4313
31,31,8518.6449
32,31,8583.9267
33,31,8611.6317
34,31,8662.1601
35,31,8669.3631
36,31,8707.533
37,31,8701.2195
38,31,8724.5798
39,31,8709.2808
40,31,8717.605
41,31,8687.0893
42,31,8693.874
43,31,8663.1676
44,31,8660.7565
45,31,8624.5272
46,31,8613.3907
47,31,8577.1043
48,31,8556.0725
49,31,8508.4545
50,31,8483.3576
51,31,8421.0494
52,31,8372.5756
53,31,8307.525
54,31,8253.5687
55,31,8182
56,31,8124
57,31,8050
26,32,7770
27,32,7924
28,32,8113
29,32,8215
30,32,8347
31,32,8418.7167
32,32,8528.8243
33,32,8555.0584
34,32,8625.4383
35,32,8633.0884
36,32,8688.1371
37,32,8680.964
38,32,8721.7028
39,32,8703.3118
40,32,8731.7459
41,32,8705.05
42,32,8725.2011
43,32,8695.6096
44,32,8705.2364
45,32,8671.0293
46,32,8671.6636
47,32,8634.5089
48,32,8627.5707
49,32,8580.6587
50,32,8563.7567
51,32,8504.3462
52,32,8465.5244
53,32,8401.7689
54,32,8354.63
55,32,8285
56,32,8236
57,32,8161
58,32,8109
27,33,7735
28,33,7930
29,33,8049
30,33,8193
31,33,8286
32,33,8396.2351
33,33,8468.4034
34,33,8530.5685
35,33,8557.7457
36,33,8611.8214
37,33,8621.5541
38,33,8663.935
39,33,8660.3786
40,33,8689.6099
41,33,8680.002
42,33,8700.8748
43,33,8682.8172
44,33,8695.9789
45,33,8673.876
46,33,8676.6172
47,33,8651.2824
48,33,8648.0571
49,33,8611.4153
50,33,8599.654
51,33,8547.9385
52,33,8510.9851
53,33,8456.7215
54,33,8413.8521
55,33,8351
56,33,8304
57,33,8240
58,33,8189
59,33,8121
29,34,7917
30,34,8075
31,34,8170
32,34,8300
33,34,8369.5344
34,34,8477.0482
35,34,8503.7082
36,34,8576.0338
37,34,8586.0606
38,34,8644.4902
39,34,8641.5591
40,34,8687.7155
41,34,8678.9139
42,34,8711.4781
43,34,8694.6908
44,34,8717.8072
45,34,8695.5923
46,34,8710.8142
47,34,8685.9998
48,34,8693.1973
49,34,8658.556
50,34,8658.7935
51,34,8610.3045
52,34,8581.8224
53,34,8529.092
54,34,8495.0045
55,34,8435.2799
56,34,8395.7672
57,34,8334.8382
58,34,8290
59,34,8225
60,34,8180
61,34,8112
30,35,7904
31,35,8014
32,35,8148
33,35,8239
34,35,8344.9026
35,35,8414.7964
36,35,8481.4629
37,35,8511.3126
38,35,8568.0803
39,35,8583.5615
40,35,8627.6497
41,35,8635.883
42,35,8666.8073
43,35,8661.9594
44,35,8687.5956
45,35,8677.6541
46,35,8695.9465
47,35,8682.4953
48,35,8693.3852
49,35,8671.3294
50,35,8673.5926
51,35,8632.3659
52,35,8605.9105
53,35,8563.7479
54,35,8530.7802
55,35,8478.1865
56,35,8441.9242
57,35,8384.9123
58,35,8345.5986
59,35,8287
60,35,8245
61,35,8184
62,35,8140
63,35,8078
31,36,7883
32,36,8034
33,36,8129
34,36,8256
35,36,8327.131
36,36,8429.3193
37,36,8460.1847
38,36,8533.039
39,36,8553.4399
40,36,8608.8077
41,36,8616.837
42,36,8661.2385
43,36,8657.113
44,36,8692.9301
45,36,8682.8206
46,36,8710.6754
47,36,8695.7295
48,36,8717.4473
49,36,8698.5633
50,36,8712.0295
51,36,8675.284
52,36,8656.8499
53,36,8614.8158
54,36,8591.2599
55,36,8541.7519
56,36,8512.675
57,36,8458.1085
58,36,8424.3318
59,36,8365.9963
60,36,8330.8721
61,36,8269.8645
62,36,8234
63,36,8175
64,36,8134
65,36,8075
34,37,8118
35,37,8202
36,37,8305.0821
37,37,8381.7123
38,37,8448.2762
39,37,8486.2161
40,37,8537.3396
41,37,8558.3512
42,37,8601.1401
43,37,8611.676
44,37,8645.5139
45,37,8647.4275
46,37,8675.2193
47,37,8676.2244
48,37,8697.4416
49,37,8696.9014
50,37,8710.9843
51,37,8681.1154
52,37,8664.1895
53,37,8631.5262
54,37,8607.5621
55,37,8569.4225
56,37,8540.9209
57,37,8492.7644
58,37,8460.1967
59,37,8408.8963
60,37,8376.1872
61,37,8330.7294
62,37,8295.301
63,37,8244.5085
64,37,8206.1753
65,37,8152.7443
66,37,8112
67,37,8057
35,38,8102
36,38,8221
37,38,8296.5116
38,38,8393.9294
39,38,8435.9188
40,38,8500.0971
41,38,8523.8558
42,38,8578.5966
43,38,8587.3545
44,38,8635.719
45,38,8638.4076
46,38,8677.5132
47,38,8675.7193
48,38,8708.4566
49,38,8705.2363
50,38,8732.5958
51,38,8705.923
52,38,8696.0043
53,38,8663.8759
54,38,8648.907
55,38,8612.7875
56,38,8593.8344
57,38,8549.0875
58,38,8521.2041
59,38,8471.8489
60,38,8445.7385
61,38,8402.5235
62,38,8372.2012
63,38,8324.7411
64,38,8291.2213
65,38,8242
66,38,8206
67,38,8152
68,38,8114
69,38,8057
36,39,8089
37,39,8173
38,39,8278
39,39,8349
40,39,8416.7788
41,39,8454.2759
42,39,8505.9031
43,39,8529.2762
44,39,8573.6571
45,39,8587.7812
46,39,8628.1486
47,39,8638.4293
48,39,8674.8451
49,39,8682.5396
50,39,8714.011
51,39,8693.3778
52,39,8684.9421
53,39,8661.5894
54,39,8648.9054
55,39,8622.8068
56,39,8604.9644
57,39,8569.4269
58,39,8541.4616
59,39,8497.6162
60,39,8476.6938
61,39,8439.4151
62,39,8413.3305
63,39,8371.9172
64,39,8342.6336
65,39,8298
66,39,8262
67,39,8215
68,39,8178
69,39,8129
70,39,8089
37,40,8075
38,40,8194
39,40,8267
40,40,8365
41,40,8395.1519
42,40,8465.4666
43,40,8488.3997
44,40,8549.0301
45,40,8564.0394
46,40,8614.0523
47,40,8623.6545
48,40,8666.0339
49,40,8673.3865
50,40,8709.9699
51,40,8693.3149
52,40,8692.6783
53,40,8671.6207
54,40,8666.8016
55,40,8643.5924
56,40,8635.3283
57,40,8603.7182
58,40,8581.3984
59,40,8539.225
60,40,8522.1066
61,40,8485.8439
62,40,8466.294
63,40,8425.8337
64,40,8402.3159
65,40,8358.598
66,40,8330
67,40,8284
68,40,8253
69,40,8204
70,40,8171
71,40,8118
72,40,8081
73,40,8027
38,41,8066
39,41,8151
40,41,8248
41,41,8312
42,41,8378.9889
43,41,8417.9563
44,41,8473.7117
45,41,8502.2231
46,41,8551.7579
47,41,8572.4013
48,41,8616.8184
49,41,8633.377
50,41,8670.8983
51,41,8662.3731
52,41,8664.1849
53,41,8648.9014
54,41,8647.2133
55,41,8628.8868
56,41,8623.1384
57,41,8596.3016
58,41,8578.9859
59,41,8548.4683
60,41,8534.8355
61,41,8504.8675
62,41,8488.332
63,41,8453.3832
64,41,8431.6925
65,41,8393.2657
66,41,8367.0898
67,41,8325.6604
68,41,8297.1307
69,41,8255.2607
70,41,8223
71,41,8178
72,41,8143
73,41,8097
74,41,8061
75,41,8012
39,42,8054
40,42,8163
41,42,8234
42,42,8325
43,42,8361.332
44,42,8434.7175
45,42,8462.4243
46,42,8523.9087
47,42,8544.9851
48,42,8597.0285
49,42,8613.6286
50,42,8657.7312
51,42,8651.4095
52,42,8662.3341
53,42,8648.7212
54,42,8653.988
55,42,8635.0926
56,42,8635.1691
57,42,8607.7982
58,42,8604.6626
59,42,8572.9159
60,42,8568.3994
61,42,8538.2672
62,42,8527.9063
63,42,8494.863
64,42,8479.5202
65,42,8442.219
66,42,8422.1581
67,42,8381.4163
68,42,8359.293
69,42,8315.2932
70,42,8291
71,42,8246
72,42,8219
73,42,8173
74,42,8143
75,42,8096
76,42,8067
77,42,8019
40,43,8043
41,43,8120
42,43,8215
43,43,8280
44,43,8347.7449
45,43,8389.8338
46,43,8450.5758
47,43,8483.36
48,43,8536.6558
49,43,8563.544
50,43,8608.5782
51,43,8608.7373
52,43,8622.6911
53,43,8614.8673
54,43,8623.7254
55,43,8610.0047
56,43,8613.6105
57,43,8595.1184
58,43,8593.1366
59,43,8570.6514
60,43,8566.1045
61,43,8541.107
62,43,8534.6074
63,43,8506.557
64,43,8492.8979
65,43,8462.8172
66,43,8444.1796
67,43,8411.2603
68,43,8390.0906
69,43,8353.6217
70,43,8329.4652
71,43,8290.2599
72,43,8264
73,43,8223
74,43,8195
75,43,8153
76,43,8126
77,43,8083
78,43,8054
79,43,8011
41,44,8027
42,44,8133
43,44,8201
44,44,8298
45,44,8340.376
46,44,8409.7684
47,44,8442.9287
48,44,8504.774
49,44,8531.4627
50,44,8583.662
51,44,8587.4706
52,44,8609.413
53,44,8604.2799
54,44,8620.314
55,44,8608.7132
56,44,8619.3593
57,44,8601.366
58,44,8607.4275
59,44,8584.3656
60,44,8587.3998
61,44,8561.9016
62,44,8560.9406
63,44,8533.3676
64,44,8527.2267
65,44,8496.228
66,44,8486.3123
67,44,8452.9582
68,44,8439.2431
69,44,8402.6857
70,44,8385.3351
71,44,8346.814
72,44,8326.884
73,44,8285.5625
74,44,8263
75,44,8220
76,44,8199
77,44,8156
78,44,8132
79,44,8089
80,44,8065
81,44,8023
43,45,8090
44,45,8189
45,45,8254
46,45,8328
47,45,8373.4211
48,45,8434.8255
49,45,8472.4033
50,45,8525.3707
51,45,8534.6735
52,45,8559.8949
53,45,8560.8038
54,45,8580.1959
55,45,8575.1732
56,45,8588.2172
57,45,8576.9818
58,45,8584.1927
59,45,8568.9501
60,45,8572.7053
61,45,8553.9317
62,45,8554.104
63,45,8532.6657
64,45,8528.1404
65,45,8504.2551
66,45,8495.6267
67,45,8468.8666
68,45,8456.8165
69,45,8426.6221
70,45,8410.6538
71,45,8377.6123
72,45,8359.2766
73,45,8322.8539
74,45,8303.3953
75,45,8266
76,45,8245.2397
77,45,8208
78,45,8185
79,45,8148
80,45,8124
81,45,8087
82,45,8060
83,45,8010
44,46,8113
45,46,8183
46,46,8275.5695
47,46,8318.5637
48,46,8391.6832
49,46,8428.9807
50,46,8490.0207
51,46,8502.4303
52,46,8533.8999
53,46,8537.9332
54,46,8563.5652
55,46,8560.8644
56,46,8580.2887
57,46,8571.0173
58,46,8584.8485
59,46,8570.6509
60,46,8579.9934
61,46,8560.8946
62,46,8567.0241
63,46,8544.8825
64,46,8547.163
65,46,8521.7498
66,46,8520.7205
67,46,8492.5795
68,46,8488.0056
69,46,8457.7342
70,46,8449.2755
71,46,8416.9243
72,46,8405.2197
73,46,8368.9594
74,46,8357.0817
75,46,8320.8584
76,46,8305.9755
77,46,8270.0318
78,46,8252
79,46,8215
80,46,8197
81,46,8160
82,46,8137
83,46,8086
84,46,8046
85,46,7993
45,47,8080
46,47,8175
47,47,8238
48,47,8315
49,47,8360.2903
50,47,8423.2121
51,47,8441.6866
52,47,8474.7744
53,47,8484.9947
54,47,8512.5465
55,47,8517.165
56,47,8537.652
57,47,8536.185
58,47,8550.3708
59,47,8544.6397
60,47,8553.9012
61,47,8542.0262
62,47,8547.9155
63,47,8532.1089
64,47,8534.7878
65,47,8516.0807
66,47,8516.066
67,47,8493.7786
68,47,8490.5553
69,47,8465.9073
70,47,8459.4515
71,47,8433.89
72,47,8423.2126
73,47,8395.3281
74,47,8382.3306
75,47,8352.7591
76,47,8337.9707
77,47,8308.8958
78,47,8293.3151
79,47,8261
80,47,8244
81,47,8211
82,47,8188
83,47,8142
84,47,8102
85,47,8053
86,47,8013
46,48,8102
47,48,8171
48,48,8259
49,48,8310.3013
50,48,8378.2953
51,48,8398.3734
52,48,8437.7375
53,48,8450.3657
54,48,8484.1322
55,48,8489.7547
56,48,8517.6232
57,48,8516.8532
58,48,8539.0492
59,48,8533.3524
60,48,8550.0196
61,48,8538.7646
62,48,8551.2755
63,48,8537.0801
64,48,8544.7306
65,48,8526.9874
66,48,8531.5135
67,48,8510.7252
68,48,8512.3511
69,48,8488.974
70,48,8487.835
71,48,8461.4381
72,48,8458.024
73,48,8430.9972
74,48,8424.2667
75,48,8395.3955
76,48,8387.0179
77,48,8357.6815
78,48,8346.7393
79,48,8316.8971
80,48,8303.2367
81,48,8269.5311
82,48,8252.5868
83,48,8206.1204
84,48,8169.1421
85,48,8121
86,48,8086
87,48,8036
47,49,8069
48,49,8165
49,49,8230
50,49,8304
51,49,8329.7495
52,49,8370.426
53,49,8388.5719
54,49,8423.7199
55,49,8435.238
56,49,8464.7045
57,49,8470.1213
58,49,8494.0439
59,49,8495.2516
60,49,8513.1027
61,49,8508.9087
62,49,8522.2824
63,49,8514.6674
64,49,8522.9297
65,49,8511.9742
66,49,8516.5472
67,49,8501.6177
68,49,8503.8653
69,49,8485.667
70,49,8486.1387
71,49,8466.2575
72,49,8463.8767
73,49,8442.1079
74,49,8437.9362
75,49,8414.3243
76,49,8407.9365
77,49,8384.6067
78,49,8374.8212
79,49,8351.4361
80,49,8338.759
81,49,8314.176
82,49,8297.9544
83,49,8253.7162
84,49,8217
85,49,8173
86,49,8136
87,49,8091
88,49,8053
49,50,8161
50,50,8251.626
51,50,8281.103
52,50,8324.4313
53,50,8343
54,50,8383.9114
55,50,8397.229
56,50,8432.0383
57,50,8439.4946
58,50,8469.0273
59,50,8470.5183
60,50,8496.0875
61,50,8493.131
62,50,8513.6189
63,50,8506.8117
64,50,8522.5671
65,50,8514.0702
66,50,8523.1166
67,50,8509.612
68,50,8516.5341
69,50,8499.4494
70,50,8504.488
71,50,8485.1964
72,50,8487.8968
73,50,8467.2313
74,50,8467.3997
75,50,8445.5285
76,50,8443.5227
77,50,8420.5482
78,50,8416.9749
79,50,8392.8161
80,50,8386.817
81,50,8362.5183
82,50,8354.8726
83,50,8310.089
84,50,8275.1719
85,50,8230.6877
86,50,8197
87,50,8152
88,50,8118
89,50,8073
90,50,8038
51,51,8181
52,51,8234
53,51,8258
54,51,8300.9923
55,51,8322.0124
56,51,8358.7344
57,51,8372.6666
58,51,8404.8161
59,51,8412.6821
60,51,8440.1203
61,51,8443.633
62,51,8465.2762
63,51,8462.5191
64,51,8480.9156
65,51,8475.8208
66,51,8487.8981
67,51,8478.9156
68,51,8487.9218
69,51,8475.63
70,51,8482.0574
71,51,8468.3222
72,51,8472.3196
73,51,8456.1517
74,51,8458.1612
75,51,8440.3136
76,51,8439.811
77,51,8420.7724
78,51,8418.0598
79,51,8397.3641
80,51,8392.5525
81,51,8372.3452
82,51,8364.7302
83,51,8325.9398
84,51,8291.9894
85,51,8252.2533
86,51,8218.4764
87,51,8178
88,51,8144
89,51,8103
90,51,8069
91,51,8027
52,52,8157.3256
53,52,8186.8368
54,52,8236.7682
55,52,8258
56,52,8303.7221
57,52,8319.3305
58,52,8358.116
59,52,8367.7635
60,52,8400.6527
61,52,8404.6366
62,52,8432.7885
63,52,8431.1504
64,52,8455.6435
65,52,8450.9203
66,52,8469.697
67,52,8462.0785
68,52,8476.9857
69,52,8466.8641
70,52,8478.1315
71,52,8465.537
72,52,8473.2705
73,52,8458.0361
74,52,8463.2397
75,52,8446.109
76,52,8448.7536
77,52,8430.4098
78,52,8430.3251
79,52,8411.2339
80,52,8408.4859
81,52,8389.0255
82,52,8383.6442
83,52,8345.7384
84,52,8319.4301
85,52,8280.2357
86,52,8252.5786
87,52,8211.7716
88,52,8183.3567
89,52,8142
90,52,8113
91,52,8070
92,52,8040
93,52,7998
53,53,8089
54,53,8146
55,53,8176
56,53,8220.0164
57,53,8244.0767
58,53,8282.9343
59,53,8299.8801
60,53,8333.7528
61,53,8344.779
62,53,8374.5651
63,53,8381.2858
64,53,8404.4307
65,53,8406.1203
66,53,8426.8924
67,53,8423.6745
68,53,8441.4111
69,53,8437.0139
70,53,8449.1896
71,53,8441.4807
72,53,8450.2911
73,53,8439.9379
74,53,8445.482
75,53,8432.8309
76,53,8435.9908
77,53,8421.1011
78,53,8422.2977
79,53,8406.4628
80,53,8405.0993
81,53,8389.0722
82,53,8384.7609
83,53,8351.3242
84,53,8326.0033
85,53,8292.445
86,53,8265.61
87,53,8229.474
88,53,8202.2562
89,53,8165.2517
90,53,8137
91,53,8098
92,53,8069
93,53,8031
94,53,8001
54,54,8074.8886
55,54,8107.3071
56,54,8159.2808
57,54,8182
58,54,8230.0646
59,54,8247.9277
60,54,8289.2054
61,54,8300.9704
62,54,8336.8365
63,54,8344.2976
64,54,8374.9819
65,54,8378.442
66,54,8404.0322
67,54,8403.8326
68,54,8424.6644
69,54,8420.9239
70,54,8437.6138
71,54,8430.939
72,54,8443.5375
73,54,8434.1066
74,54,8443.3008
75,54,8431.3904
76,54,8437.7314
77,54,8423.7367
78,54,8427.6229
79,54,8412.6477
80,54,8413.6994
81,54,8398.4783
82,54,8396.1889
83,54,8364.2865
84,54,8344.6913
85,54,8311.5904
86,54,8290.8875
87,54,8255.3647
88,54,8233.1695
89,54,8196.8855
90,54,8172.8845
91,54,8135.0877
92,54,8110.4154
93,54,8072
94,54,8047
95,54,8009
96,54,7983
56,55,8070
57,55,8102
58,55,8148.623
59,55,8173.5711
60,55,8216
61,55,8235
62,55,8271.8652
63,55,8286.4053
64,55,8317.3347
65,55,8328.4811
66,55,8352.9152
67,55,8359.1515
68,55,8380.3796
69,55,8383.5114
70,55,8399.8033
71,55,8399.2673
72,55,8411.5617
73,55,8406.4953
74,55,8416.0465
75,55,8408.7848
76,55,8415.0317
77,55,8405.5878
78,55,8409.9786
79,55,8398.647
80,55,8401.3393
81,55,8389.7723
82,55,8388.9581
83,55,8360.1437
84,55,8342.3397
85,55,8314.3227
86,55,8294.3554
87,55,8264.8777
88,55,8243.6707
89,55,8211.8894
90,55,8188.7342
91,55,8155.4365
92,55,8131.801
93,55,8097.5469
94,55,8073
95,55,8039
96,55,8013
97,55,7980
57,56,8035
58,56,8089.6865
59,56,8116
60,56,8162
61,56,8187.9546
62,56,8227
63,56,8245.9287
64,56,8280.2949
65,56,8293.9083
66,56,8323.7567
67,56,8330.2086
68,56,8355.8209
69,56,8358.1784
70,56,8379.7187
71,56,8378.456
72,56,8395.9878
73,56,8391.0811
74,56,8405.513
75,56,8398.5511
76,56,8409.3747
77,56,8400.2059
78,56,8408.1731
79,56,8397.5345
80,56,8402.7566
81,56,8391.8288
82,56,8393.4222
83,56,8367.0194
84,56,8353.15
85,56,8326.0774
86,56,8310.9718
87,56,8281.9878
88,56,8265.4549
89,56,8234.7991
90,56,8215.5293
91,56,8183.2405
92,56,8164.1118
93,56,8131.8495
94,56,8111.8405
95,56,8079
96,56,8057
97,56,8023
98,56,8001
59,57,8032
60,57,8086
61,57,8114
62,57,8159
63,57,8179
64,57,8217
65,57,8235
66,57,8267
67,57,8278.2926
68,57,8304.6438
69,57,8312.4268
70,57,8333.5412
71,57,8337.1904
72,57,8356.0449
73,57,8356.1919
74,57,8370.3676
75,57,8367.7559
76,57,8378.8415
77,57,8374.4888
78,57,8382.7972
79,57,8376.0512
80,57,8381.8807
81,57,8375.0835
82,57,8377.9987
83,57,8355.0201
84,57,8343.205
85,57,8320.8263
86,57,8306.1271
87,57,8281.4283
88,57,8266.0873
89,57,8239.9988
90,57,8221.5536
91,57,8193.7165
92,57,8176.1915
93,57,8149.4339
94,57,8129.0436
95,57,8102
96,57,8081
97,57,8051
98,57,8028
99,57,7997
100,57,7972
61,58,8058
62,58,8108
63,58,8132
64,58,8174
65,58,8193
66,58,8229
67,58,8242
68,58,8273.2581
69,58,8280.7922
70,58,8306.9259
71,58,8310.9411
72,58,8333.2164
73,58,8333.3969
74,58,8352.3223
75,58,8349.8301
76,58,8365.7716
77,58,8361.9861
78,58,8373.7624
79,58,8367.2497
80,58,8377.0408
81,58,8370.4664
82,58,8376.3045
83,58,8355.3956
84,58,8347.07
85,58,8324.6765
86,58,8314.7612
87,58,8289.8762
88,58,8278.5081
89,58,8252.5274
90,58,8240.3876
91,58,8214.2294
92,58,8201.123
93,58,8176.2779
94,58,8161
95,58,8134
96,58,8116
97,58,8087
98,58,8068
99,58,8037
100,58,8015
101,58,7983
62,59,8033
63,59,8060
64,59,8104
65,59,8128
66,59,8167
67,59,8184
68,59,8216
69,59,8228.9141
70,59,8254.3808
71,59,8263.7565
72,59,8286.1439
73,59,8291.5377
74,59,8310.2588
75,59,8312.8817
76,59,8328.9284
77,59,8330.0089
78,59,8341.7074
79,59,8339.2195
80,59,8349.5208
81,59,8346.5163
82,59,8353.9852
83,59,8336.3032
84,59,8329.428
85,59,8311.5411
86,59,8302.1285
87,59,8280.325
88,59,8270.54
89,59,8249.5409
90,59,8238.304
91,59,8218.9316
92,59,8207.8824
93,59,8187.1049
94,59,8172.0371
95,59,8147.2994
96,59,8131.0398
97,59,8105.2337
98,59,8085.817
99,59,8059
100,59,8037
101,59,8009
102,59,7986
64,60,8054
65,60,8080
66,60,8122
67,60,8142
68,60,8177
69,60,8191
70,60,8222.5136
71,60,8230.3045
72,60,8256.8104
73,60,8262.232
74,60,8285.5391
75,60,8288.1536
76,60,8308.5127
77,60,8309.5892
78,60,8325.4946
79,60,8323.6642
80,60,8337.864
81,60,8335.5074
82,60,8346.031
83,60,8330.4893
84,60,8326.9237
85,60,8309.1883
86,60,8304.0927
87,60,8283.6036
88,60,8277.1778
89,60,8255.4437
90,60,8249.5789
91,60,8230.2741
92,60,8224.0078
93,60,8204.5832
94,60,8192.3491
95,60,8170.305
96,60,8156.3265
97,60,8132.1671
98,60,8114.9529
99,60,8088.8224
100,60,8069.9662
101,60,8042
102,60,8022
103,60,7992
65,61,8008
66,61,8052
67,61,8075
68,61,8114
69,61,8131
70,61,8163
71,61,8177
72,61,8204.2841
73,61,8213.4131
74,61,8236.7933
75,61,8243.7207
76,61,8263.6516
77,61,8268.3558
78,61,8285.5473
79,61,8289.0958
80,61,8303.9405
81,61,8306.6587
82,61,8317.7341
83,61,8305.2969
84,61,8302.6583
85,61,8288.655
86,61,8284.3712
87,61,8268.2283
88,61,8261.5277
89,61,8243.8125
90,61,8241.2723
91,61,8226.1293
92,61,8221.1536
93,61,8204.717
94,61,8195.2977
95,61,8176.7263
96,61,8164.1458
97,61,8143.3622
98,61,8126.8601
99,61,8103.6398
100,61,8085.9977
101,61,8061
102,61,8042
103,61,8014
104,61,7992
66,62,7998
67,62,8023
68,62,8065
69,62,8085
70,62,8122
71,62,8137
72,62,8167
73,62,8177.627
74,62,8205.9165
75,62,8213.5527
76,62,8237.9286
77,62,8243.0786
78,62,8263.8211
79,62,8265.846
80,62,8285.9407
81,62,8288.1825
82,62,8303.68
83,62,8293.0139
84,62,8293.8581
85,62,8280.5734
86,62,8279.6326
87,62,8263.4683
88,62,8261.6235
89,62,8243.9735
90,62,8244.0645
91,62,8228.5373
92,62,8226.8379
93,62,8211.2258
94,62,8205.0054
95,62,8187.0642
96,62,8177.3075
97,62,8157.4963
98,62,8144.6159
99,62,8122.0418
100,62,8107.5745
101,62,8084.1653
102,62,8067.7803
103,62,8041
104,62,8023
105,62,7992
106,62,7971
67,63,7950
68,63,7996
69,63,8018
70,63,8056
71,63,8075
72,63,8107
73,63,8122
74,63,8150.5738
75,63,8161.6211
76,63,8187.2187
77,63,8197.733
78,63,8217.6853
79,63,8226.396
80,63,8245.8177
81,63,8254.1744
82,63,8269.2744
83,63,8261.9327
84,63,8263.5409
85,63,8253.8155
86,63,8253.556
87,63,8241.3481
88,63,8239.2998
89,63,8226.5854
90,63,8228.7011
91,63,8217.1006
92,63,8216.676
93,63,8204.6192
94,63,8199.7975
95,63,8185.132
96,63,8176.6987
97,63,8160.103
98,63,8148.981
99,63,8129.5593
100,63,8116.0172
101,63,8095.3686
102,63,8080.0529
103,63,8056
104,63,8038
105,63,8012
106,63,7991
107,63,7963
69,64,7966
70,64,8008
71,64,8028
72,64,8064
73,64,8080
74,64,8112
75,64,8126
76,64,8154.9757
77,64,8164.609
78,64,8190.2569
79,64,8198.3188
80,64,8221.9382
81,64,8228.9485
82,64,8249.5072
83,64,8243.3366
84,64,8248.3398
85,64,8239.4856
86,64,8242.6103
87,64,8231.0446
88,64,8233.4042
89,64,8220.4209
90,64,8224.7996
91,64,8213.2541
92,64,8215.3253
93,64,8203.5072
94,64,8201.8229
95,64,8187.6177
96,64,8183.0171
97,64,8167.1934
98,64,8159.0373
99,64,8140.756
100,64,8129.9978
101,64,8110.4428
102,64,8097.226
103,64,8075.5428
104,64,8060
105,64,8035
106,64,8017
107,64,7990
108,64,7972
70,65,7939
71,65,7961
72,65,7999
73,65,8019
74,65,8052
75,65,8068.6732
76,65,8097.4761
77,65,8111.508
78,65,8138.2176
79,65,8151.2877
80,65,8178.5397
81,65,8187.1474
82,65,8206.625
83,65,8204.3207
84,65,8209.8153
85,65,8206.3396
86,65,8208.8743
87,65,8202.0072
88,65,8205.0504
89,65,8196.6697
90,65,8202.9173
91,65,8194.6415
92,65,8198.1416
93,65,8189.1556
94,65,8188.8025
95,65,8177.4676
96,65,8174.4809
97,65,8164.0773
98,65,8155.6322
99,65,8139.9304
100,65,8130.3259
101,65,8113.223
102,65,8101.441
103,65,8082.798
104,65,8069
105,65,8047
106,65,8030
107,65,8006
108,65,7988
109,65,7963
72,66,7950
73,66,7971
74,66,8008
75,66,8027
76,66,8061
77,66,8075.0527
78,66,8105.5902
79,66,8116.8884
80,66,8146.1128
81,66,8156.768
82,66,8180.943
83,66,8179.0972
84,66,8189.1495
85,66,8184.6789
86,66,8192.9171
87,66,8185.7514
88,66,8193.1305
89,66,8184.357
90,66,8192.4366
91,66,8184.6287
92,66,8190.1298
93,66,8181.5842
94,66,8184.0526
95,66,8173.3093
96,66,8173.4555
97,66,8161.784
98,66,8158.7129
99,66,8143.9083
100,66,8137.2793
101,66,8120.8782
102,66,8112.5293
103,66,8094.7566
104,66,8084
105,66,8062
106,66,8049
107,66,8026
108,66,8011
109,66,7986
110,66,7969
73,67,7906
74,67,7943
75,67,7965
76,67,7999
77,67,8017.0977
78,67,8048.5792
79,67,8063.2426
80,67,8094.0381
81,67,8108.9797
82,67,8133.255
83,67,8134.8423
84,67,8145.5267
85,67,8144.9193
86,67,8153.6372
87,67,8150.6825
88,67,8159.2055
89,67,8155.428
90,67,8163.1373
91,67,8158.4709
92,67,8165.1066
93,67,8158.6004
94,67,8163.1134
95,67,8155.4126
96,67,8156.967
97,67,8147.9234
98,67,8146.9591
99,67,8135.4933
100,67,8130.3732
101,67,8116.8061
102,67,8109.0622
103,67,8093.7902
104,67,8083.6021
105,67,8066
106,67,8054
107,67,8034
108,67,8019
109,67,7997
110,67,7980
111,67,7957
74,68,7893
75,68,7917
76,68,7956
77,68,7975
78,68,8010.5127
79,68,8026.476
80,68,8059.6924
81,68,8074.9558
82,68,8102.1962
83,68,8104.8723
84,68,8119.3485
85,68,8118.8154
86,68,8132.3919
87,68,8129.4444
88,68,8141.9084
89,68,8136.3757
90,68,8147.927
91,68,8142.7742
92,68,8151.7217
93,68,8145.8628
94,68,8152.3959
95,68,8144.7403
96,68,8149.0191
97,68,8139.9348
98,68,8141.9479
99,68,8131.7352
100,68,8129.5897
101,68,8117.0078
102,68,8111.9529
103,68,8097.7404
104,68,8090.4052
105,68,8074
106,68,8064
107,68,8045
108,68,8034
109,68,8013
110,68,7999
111,68,7976
112,68,7960
75,69,7850
76,69,7889
77,69,7914
78,69,7948.8178
79,69,7968.5011
80,69,8004
81,69,8021
82,69,8050.0576
83,69,8056.4387
84,69,8071.2571
85,69,8074.209
86,69,8088.376
87,69,8089.6032
88,69,8101.4285
89,69,8101.1994
90,69,8112.7549
91,69,8110.8124
92,69,8120.4906
93,69,8117.5868
94,69,8124.9774
95,69,8119.6534
96,69,8125.5489
97,69,8118.9357
98,69,8122.5826
99,69,8114.9516
100,69,8114.4702
101,69,8105.5144
102,69,8101.8931
103,69,8091.0367
104,69,8084.4633
105,69,8070.6432
106,69,8061.7673
107,69,8045.1214
108,69,8035
109,69,8017
110,69,8004
111,69,7983
112,69,7969
113,69,7948
78,70,7906
79,70,7927
80,70,7965
81,70,7983.7556
82,70,8015.4371
83,70,8022
84,70,8039.9402
85,70,8043.8234
86,70,8061.7107
87,70,8062.7551
88,70,8079.1999
89,70,8078.0428
90,70,8092.5614
91,70,8090.3861
92,70,8102.5333
93,70,8099.1069
94,70,8109.4149
95,70,8104.8399
96,70,8112.4591
97,70,8106.202
98,70,8111.887
99,70,8104.5206
100,70,8106.6101
101,70,8097.8826
102,70,8097.4295
103,70,8087.4276
104,70,8083.8481
105,70,8070.9253
106,70,8064.0853
107,70,8049.9741
108,70,8042.7386
109,70,8026
110,70,8016
111,70,7996
112,70,7984
113,70,7963
114,70,7951
115,70,7929
79,71,7866
80,71,7904
81,71,7926
82,71,7959.0882
83,71,7968
84,71,7987.4369
85,71,7995.3752
86,71,8013.3128
87,71,8018.5685
88,71,8034.6009
89,71,8038.3387
90,71,8052.7821
91,71,8054.5596
92,71,8066.6848
93,71,8065.8043
94,71,8076.746
95,71,8074.1756
96,71,8083.1722
97,71,8080.4026
98,71,8086.3233
99,71,8081.6686
100,71,8084.6621
101,71,8078.2334
102,71,8079.0312
103,71,8071.454
104,71,8069.1412
105,71,8059.0209
106,71,8053.4495
107,71,8042.0554
108,71,8035.0744
109,71,8022.0394
110,71,8011.9301
111,71,7996
112,71,7984.8125
113,71,7967
114,71,7955
115,71,7936
116,71,7923
117,71,7903
81,72,7882
82,72,7918
83,72,7929
84,72,7952.6676
85,72,7960
86,72,7981.2764
87,72,7986.561
88,72,8006.3791
89,72,8009.1245
90,72,8027.1171
91,72,8028.0072
92,72,8043.8142
93,72,8042.8728
94,72,8056.4386
95,72,8054.185
96,72,8065.5536
97,72,8061.7791
98,72,8070.8762
99,72,8066.0687
100,72,8071.7439
101,72,8066.0164
102,72,8068.5341
103,72,8060.7625
104,72,8061.3604
105,72,8051.8365
106,72,8049.4438
107,72,8038.5474
108,72,8034.9319
109,72,8022.003
110,72,8014.8381
111,72,8000.0315
112,72,7990.7228
113,72,7973.9711
114,72,7964.3032
115,72,7947
116,72,7936
117,72,7917
118,72,7905
82,73,7858
83,73,7872
84,73,7896.0608
85,73,7907
86,73,7928.7258
87,73,7938.2704
88,73,7957.45
89,73,7964.3432
90,73,7981.8905
91,73,7986.9978
92,73,8003.0547
93,73,8004.9714
94,73,8018.8614
95,73,8019.4287
96,73,8030.9577
97,73,8030.2965
98,73,8039.7914
99,73,8037.7056
100,73,8044.065
101,73,8040.4528
102,73,8044.4456
103,73,8038.6706
104,73,8040.8289
105,73,8035
106,73,8033.5869
107,73,8025.8864
108,73,8023.405
109,73,8012.6332
110,73,8006.74
111,73,7993.7535
112,73,7986.3615
113,73,7971.8357
114,73,7963.2123
115,73,7948
116,73,7938
117,73,7922
118,73,7911
119,73,7894
120,73,7883
121,73,7865
83,74,7828
84,74,7855
85,74,7867
86,74,7892.7893
87,74,7901
88,74,7923.8214
89,74,7930.3043
90,74,7951.4515
91,74,7955.9704
92,74,7974.8951
93,74,7976.7045
94,74,7993.9327
95,74,7994.5381
96,74,8008.9482
97,74,8008.1158
98,74,8020.1757
99,74,8018.3337
100,74,8027.2572
101,74,8024.113
102,74,8030.1131
103,74,8025.0359
104,74,8029.2584
105,74,8023.2821
106,74,8025.4434
107,74,8017.9494
108,74,8018.3096
109,74,8008.3234
110,74,8005.0777
111,74,7992.9083
112,74,7988.6026
113,74,7975.1168
114,74,7969.0532
115,74,7954
116,74,7947.5031
117,74,7931.4359
118,74,7924
119,74,7907
120,74,7899
121,74,7881
122,74,7872
123,74,7853
84,75,7795
85,75,7810
86,75,7836.3292
87,75,7848
88,75,7870.8655
89,75,7881.0523
90,75,7901.5201
91,75,7909.6392
92,75,7929
93,75,7935.1208
94,75,7951.3963
95,75,7955.012
96,75,7969.4131
97,75,7971.846
98,75,7983.9068
99,75,7985.0944
100,75,7994.8168
101,75,7993.9707
102,75,8001.2229
103,75,7998.1576
104,75,8003.7666
105,75,7999.9922
106,75,8004.1434
107,75,7998.6264
108,75,8001.0101
109,75,7992.7517
110,75,7991.0101
111,75,7981.2713
112,75,7977.9519
113,75,7966.7481
114,75,7961.8105
115,75,7949.7759
116,75,7943.9588
117,75,7930.2389
118,75,7923.9378
119,75,7909
120,75,7901
121,75,7886
122,75,7877
123,75,7861
124,75,7850
85,76,7765
86,76,7794
87,76,7807
88,76,7833.308
89,76,7843
90,76,7866.3371
91,76,7873.9557
92,76,7895.9408
93,76,7901.2862
94,76,7921.1258
95,76,7924.1769
96,76,7942.1626
97,76,7944.0341
98,76,7959.4618
99,76,7960.7294
100,76,7972.8681
101,76,7972.4371
102,76,7981.9128
103,76,7979.4844
104,76,7987.4171
105,76,7983.4263
106,76,7989.7287
107,76,7985.0087
108,76,7988.6778
109,76,7981.3047
110,76,7982.8324
111,76,7973.7814
112,76,7973.8656
113,76,7963.0029
114,76,7962.1047
115,76,7950.5687
116,76,7948.526
117,76,7936.2716
118,76,7932.0232
119,76,7917.7449
120,76,7912.2301
121,76,7897
122,76,7890
123,76,7874
124,76,7867
125,76,7849
126,76,7839
127,76,7814
86,77,7734
87,77,7750
88,77,7776
89,77,7789
90,77,7812.8254
91,77,7823.8509
92,77,7845.5944
93,77,7853
94,77,7873.4895
95,77,7880.2637
96,77,7898.068
97,77,7902.0377
98,77,7917.9112
99,77,7921.5522
100,77,7934.6328
101,77,7936.563
102,77,7947.5248
103,77,7947.6337
104,77,7956.5242
105,77,7954.8948
106,77,7961.8176
107,77,7959.1992
108,77,7963.7226
109,77,7958.0473
110,77,7960.6692
111,77,7954.8512
112,77,7956.0214
113,77,7947.7017
114,77,7948.1144
115,77,7938.9999
116,77,7938.1346
117,77,7928.4885
118,77,7924.916
119,77,7914.1487
120,77,7909.0003
121,77,7897
122,77,7891.2066
123,77,7878
124,77,7870
125,77,7855
126,77,7845
127,77,7823
128,77,7805
87,78,7703
88,78,7733
89,78,7746
90,78,7773.6217
91,78,7784
92,78,7808.2365
93,78,7816.6017
94,78,7839.246
95,78,7845.3856
96,78,7866.1143
97,78,7869.5216
98,78,7888.9934
99,78,7892.4896
100,78,7908.253
101,78,7910.6759
102,78,7923.5781
103,78,7924.1271
104,78,7934.7541
105,78,7933.3406
106,78,7942.5649
107,78,7939.7779
108,78,7946.8094
109,78,7941.1699
110,78,7947.9027
111,78,7941.4045
112,78,7946.4941
113,78,7938.7279
114,78,7942.4923
115,78,7933.7875
116,78,7935.942
117,78,7926.553
118,78,7926.5297
119,78,7915.9714
120,78,7914.1512
121,78,7902.3011
122,78,7899.1986
123,78,7885.8337
124,78,7881.5609
125,78,7867
126,78,7859
127,78,7836
128,78,7820
129,78,7797
130,78,7780
89,79,7688
90,79,7716
91,79,7730
92,79,7754.1069
93,79,7766.1587
94,79,7788.2348
95,79,7797
96,79,7817.5939
97,79,7825.3837
98,79,7843.8623
99,79,7849.3946
100,79,7865.6374
101,79,7870.3194
102,79,7883.8359
103,79,7887.2442
104,79,7898.5644
105,79,7900.1947
106,79,7909.441
107,79,7909.5409
108,79,7917.4323
109,79,7914.7537
110,79,7921.9876
111,79,7918.8345
112,79,7924.6819
113,79,7920.1033
114,79,7924.1648
115,79,7918.7744
116,79,7921.3778
117,79,7914.8553
118,79,7915.6548
119,79,7908.5675
120,79,7906.9379
121,79,7898.4915
122,79,7895.1752
123,79,7885.91
124,79,7880.865
125,79,7868
126,79,7860
127,79,7840
128,79,7824
129,79,7803
130,79,7786
131,79,7764
90,80,7671
91,80,7686
92,80,7713.6064
93,80,7725
94,80,7749.7851
95,80,7759.2134
96,80,7782.664
97,80,7789.8947
98,80,7811.3607
99,80,7816.2631
100,80,7836.1111
101,80,7839.6792
102,80,7856.9726
103,80,7859.3885
104,80,7874.3454
105,80,7874.5391
106,80,7888.2605
107,80,7886.9905
108,80,7899.034
109,80,7896.9192
110,80,7907.0174
111,80,7903.8002
112,80,7912.0666
113,80,7907.973
114,80,7914.5974
115,80,7909.398
116,80,7914.37
117,80,7908.6402
118,80,7911.5532
119,80,7905.2794
120,80,7905.8956
121,80,7897.5607
122,80,7896.8505
123,80,7887.4828
124,80,7885.5455
125,80,7874.7325
126,80,7869.1723
127,80,7848.6112
128,80,7834.1914
129,80,7813
130,80,7799
131,80,7777
132,80,7762
133,80,7739
134,80,7724
135,80,7701
136,80,7685
95,81,7707.9383
96,81,7732.1655
97,81,7741
98,81,7763.4942
99,81,7771.431
100,81,7791.9183
101,81,7796.3571
102,81,7815.6741
103,81,7818.6727
104,81,7835.5756
105,81,7837.5161
106,81,7852.465
107,81,7853.0537
108,81,7866.2704
109,81,7866.0345
110,81,7877.1445
111,81,7876.0167
112,81,7885.3445
113,81,7883.5211
114,81,7890.7293
115,81,7888.29
116,81,7893.5725
117,81,7890.3011
118,81,7893.8773
119,81,7889.7037
120,81,7891.2717
121,81,7886.2206
122,81,7886.053
123,81,7880.0238
124,81,7878.3946
125,81,7871.7219
126,81,7866.7979
127,81,7847.1835
128,81,7833.3979
129,81,7813.589
130,81,7799.7915
131,81,7780
132,81,7765.4311
133,81,7745
134,81,7730
135,81,7709
136,81,7693
137,81,7672
96,82,7690.8359
97,82,7701.463
98,82,7725.6993
99,82,7734.0704
100,82,7756.3296
101,82,7762.179
102,82,7782.7264
103,82,7786.933
104,82,7805.342
105,82,7808.401
106,82,7824.8211
107,82,7826.2999
108,82,7841.1294
109,82,7841.6782
110,82,7854.6482
111,82,7854.0994
112,82,7865.4181
113,82,7864.0647
114,82,7873.3374
115,82,7871.2822
116,82,7878.9695
117,82,7875.7366
118,82,7881.8101
119,82,7877.8782
120,82,7882.1505
121,82,7877.397
122,82,7879.9326
123,82,7874.3313
124,82,7875.362
125,82,7869.8664
126,82,7867.453
127,82,7848.6488
128,82,7835.9656
129,82,7817.0079
130,82,7804.3203
131,82,7785.1732
132,82,7772.3955
133,82,7752.7381
134,82,7740
135,82,7719
136,82,7705
137,82,7684
138,82,7670
101,83,7712
102,83,7732
103,83,7739.1175
104,83,7758.2083
105,83,7764.1904
106,83,7780.9999
107,83,7785.3239
108,83,7800.6613
109,83,7803.6084
110,83,7817.1718
111,83,7819.1955
112,83,7830.7579
113,83,7831.9009
114,83,7841.6348
115,83,7841.2123
116,83,7849.5232
117,83,7848.4969
118,83,7854.8713
119,83,7852.5857
120,83,7857.4762
121,83,7854.2157
122,83,7857.3218
123,83,7853.3249
124,83,7854.5053
125,83,7849.8534
126,83,7847.9869
127,83,7832.5424
128,83,7819.7745
129,83,7803.314
130,83,7791.0217
131,83,7773.4955
132,83,7761.7177
133,83,7743.4996
134,83,7731.8491
135,83,7712.828
136,83,7700
137,83,7681
138,83,7668
139,83,7648
140,83,7636
141,83,7616
102,84,7695.9488
103,84,7704.7889
104,84,7724.6544
105,84,7731.1321
106,84,7749.4526
107,84,7753.7871
108,84,7771.0542
109,84,7773.951
110,84,7789.2947
111,84,7791.3155
112,84,7804.7445
113,84,7805.7136
114,84,7817.5611
115,84,7817.6582
116,84,7827.4407
117,84,7826.5619
118,84,7834.8053
119,84,7832.8632
120,84,7839.0823
121,84,7836.2168
122,84,7840.5973
123,84,7836.6734
124,84,7839.3568
125,84,7835.1882
126,84,7834.3462
127,84,7818.7842
128,84,7810.2438
129,84,7794.024
130,84,7785.1163
131,84,7768.1768
132,84,7758.8205
133,84,7741.3614
134,84,7731.53
135,84,7713.334
136,84,7703.2244
137,84,7684.4814
138,84,7674.0054
139,84,7655
140,84,7644
141,84,7626
142,84,7614
143,84,7596
106,85,7702.9233
107,85,7709.7283
108,85,7727.1099
109,85,7732.2304
110,85,7748.0914
111,85,7752.0001
112,85,7766.0174
113,85,7769.3446
114,85,7781.4883
115,85,7783.7601
116,85,7794.1536
117,85,7794.5637
118,85,7803.6487
119,85,7803.5522
120,85,7810.2694
121,85,7808.8904
122,85,7813.9653
123,85,7811.5604
124,85,7814.7835
125,85,7811.6638
126,85,7811.3545
127,85,7798.34
128,85,7790.0036
129,85,7776.3632
130,85,7767.8627
131,85,7753.0024
132,85,7744.6172
133,85,7729.1175
134,85,7720.197
135,85,7703.7033
136,85,7694.4754
137,85,7677.3878
138,85,7668.0557
139,85,7650.7354
140,85,7641
141,85,7624
142,85,7613
143,85,7596
144,85,7585
107,86,7675.853
108,86,7694.9961
109,86,7700.3841
110,86,7717.966
111,86,7722.119
112,86,7737.7245
113,86,7741.0568
114,86,7754.9111
115,86,7757.0174
116,86,7769.3018
117,86,7770.3437
118,86,7780.5743
119,86,7780.7226
120,86,7789.0417
121,86,7787.9987
122,86,7794.2678
123,86,7792.1755
124,86,7796.6653
125,86,7793.9412
126,86,7794.7963
127,86,7782.1824
128,86,7777.1023
129,86,7763.8164
130,86,7758.6553
131,86,7744.4037
132,86,7738.7527
133,86,7723.7784
134,86,7717.2552
135,86,7701.3941
136,86,7694.4991
137,86,7678.172
138,86,7670.7514
139,86,7654.3581
140,86,7646.4108
141,86,7630.0508
142,86,7621.6457
143,86,7605.6227
144,86,7595
145,86,7579
110,87,7673.764
111,87,7679.1873
112,87,7695.2599
113,87,7700.3292
114,87,7714.8367
115,87,7719.0125
116,87,7731.7092
117,87,7734.6931
118,87,7745.687
119,87,7746.9621
120,87,7756.2689
121,87,7756.8985
122,87,7763.7485
123,87,7763.1243
124,87,7768.3613
125,87,7766.8455
126,87,7768.4543
127,87,7757.7393
128,87,7753.2607
129,87,7742.4513
130,87,7737.775
131,87,7726.7143
132,87,7721.1759
133,87,7709.743
134,87,7703.2572
135,87,7690.9474
136,87,7683.6655
137,87,7670.368
138,87,7662.9412
139,87,7648.3768
140,87,7640.7162
141,87,7626.3689
142,87,7618.338
143,87,7603.7052
144,87,7594.5009
145,87,7579.3481
146,87,7569.2398
113,88,7669.4108
114,88,7685.5684
115,88,7689.8015
116,88,7704.1238
117,88,7707.1698
118,88,7719.8028
119,88,7721.7503
120,88,7732.0177
121,88,7733.0177
122,88,7741.3687
123,88,7741.0887
124,88,7747.5078
125,88,7746.4726
126,88,7749.1719
127,88,7739.3249
128,88,7737.3458
129,88,7726.9122
130,88,7725.0241
131,88,7714.056
132,88,7711.6879
133,88,7701.1352
134,88,7696.6931
135,88,7685.3101
136,88,7679.9236
137,88,7667.5866
138,88,7661.9636
139,88,7648.3048
140,88,7642.4289
141,88,7628.4862
142,88,7621.9144
143,88,7607.8418
144,88,7600.0099
145,88,7585.5644
146,88,7576.5439
147,88,7561
116,89,7662.8519
117,89,7667.8538
118,89,7681.1001
119,89,7684.8289
120,89,7695.8455
121,89,7698.0182
122,89,7707.468
123,89,7708.4479
124,89,7715.5908
125,89,7715.8874
126,89,7719.4137
127,89,7711.2319
128,89,7710.3448
129,89,7702.145
130,89,7700.5489
131,89,7692.3515
132,89,7690.5039
133,89,7682.8015
134,89,7679.1479
135,89,7670.1438
136,89,7665.6906
137,89,7655.6628
138,89,7650.7084
139,89,7639.1973
140,89,7633.2446
141,89,7621.4604
142,89,7615.0768
143,89,7602.4245
144,89,7595.1939
145,89,7582.1297
146,89,7573.5051
147,89,7559.2423
148,89,7550
118,90,7652.5716
119,90,7656
120,90,7669.0764
121,90,7671.8506
122,90,7682.0628
123,90,7683.847
124,90,7692.3173
125,90,7693.0266
126,90,7697.6617
127,90,7690.5945
128,90,7691.6026
129,90,7683.7655
130,90,7684.4964
131,90,7676.064
132,90,7676.6592
133,90,7668.6426
134,90,7667.7162
135,90,7659.2229
136,90,7657.1195
137,90,7647.4591
138,90,7645.0807
139,90,7634.651
140,90,7630.9974
141,90,7620.1188
142,90,7615.0338
143,90,7602.8937
144,90,7596.8557
145,90,7584.3862
146,90,7576.9688
147,90,7563.4433
148,90,7555
149,90,7540
120,91,7629.3948
121,91,7633.6289
122,91,7644.8027
123,91,7647.7037
124,91,7657.3733
125,91,7659.2006
126,91,7664.6438
127,91,7659.1935
128,91,7661.3783
129,91,7655.5364
130,91,7656.9809
131,91,7651.2373
132,91,7651.8957
133,91,7646.9612
134,91,7646.6504
135,91,7641.1093
136,91,7639.4945
137,91,7632.2076
138,91,7629.8752
139,91,7621.8958
140,91,7618.4267
141,91,7609.5072
142,91,7604.8675
143,91,7594.6837
144,91,7588.4139
145,91,7577.5573
146,91,7570.3847
147,91,7558.3449
148,91,7550
149,91,7537
150,91,7528
123,92,7620.7821
124,92,7631.3072
125,92,7634
126,92,7640.7191
127,92,7636.2867
128,92,7640
129,92,7634.6849
130,92,7637.7651
131,92,7631.7611
132,92,7635.0742
133,92,7629.7717
134,92,7631.9166
135,92,7626.2918
136,92,7627.4763
137,92,7620.7218
138,92,7620.9227
139,92,7613.3879
140,92,7611.8984
141,92,7603.9574
142,92,7600.716
143,92,7590.9151
144,92,7586.4854
145,92,7576.1026
146,92,7570.1262
147,92,7558.5624
148,92,7551.7705
149,92,7539
150,92,7532
151,92,7518
126,93,7604.6732
127,93,7602.0758
128,93,7607
129,93,7602.7013
130,93,7607.5654
131,93,7603.5032
132,93,7607.4231
133,93,7604.1714
134,93,7607.2771
135,93,7604
136,93,7605.9921
137,93,7601.7751
138,93,7602.1321
139,93,7597
140,93,7596.1816
141,93,7589.6382
142,93,7587.0571
143,93,7579.2148
144,93,7574.9895
145,93,7566.222
146,93,7560.568
147,93,7550.1743
148,93,7544.0426
149,93,7533.4042
150,93,7526
151,93,7514
152,93,7506
127,94,7576
128,94,7582
129,94,7580
130,94,7586
131,94,7583
132,94,7588
133,94,7585
134,94,7590.4039
135,94,7586.8834
136,94,7591.0016
137,94,7587.1224
138,94,7588.9839
139,94,7583.7968
140,94,7584.6061
141,94,7578.8799
142,94,7577.9192
143,94,7570.7599
144,94,7568.3611
145,94,7560.3187
146,94,7556.0433
147,94,7546.4395
148,94,7541.3284
149,94,7531.0087
150,94,7524.8154
151,94,7513.2822
152,94,7506.5401
153,94,7493
128,95,7547
129,95,7546
130,95,7553
131,95,7552
132,95,7558
133,95,7557
134,95,7562.5697
135,95,7562
136,95,7566
137,95,7564
138,95,7567
139,95,7564
140,95,7565.1582
141,95,7561
142,95,7561
143,95,7555.5853
144,95,7553.6891
145,95,7547.0136
146,95,7543.2795
147,95,7534.9917
148,95,7530.1742
149,95,7521.3095
150,95,7515.3043
151,95,7505
152,95,7499
153,95,7487
154,95,7479
135,96,7542
136,96,7548
137,96,7546.002
138,96,7550.6868
139,96,7547
140,96,7550.309
141,96,7546.6241
142,96,7547.9966
143,96,7543.0659
144,96,7542.8617
145,96,7536.8488
146,96,7534.504
147,96,7526.9261
148,96,7523.9527
149,96,7515.7677
150,96,7511.4716
151,96,7501.9318
152,96,7496.7291
153,96,7485.551
154,96,7478.9385
155,96,7466.7233
156,96,7460
136,97,7519
137,97,7519
138,97,7524
139,97,7523
140,97,7527
141,97,7525
142,97,7527
143,97,7523
144,97,7524
145,97,7519
146,97,7517.5021
147,97,7511.4759
148,97,7509.2714
149,97,7502.8035
150,97,7498.9408
151,97,7490.5975
152,97,7486.041
153,97,7475.9594
154,97,7469.2637
155,97,7459
156,97,7451
157,97,7440
139,98,7503.3507
140,98,7509
141,98,7507
142,98,7510.24
143,98,7507
144,98,7509.0991
145,98,7505
146,98,7505.1373
147,98,7499.6644
148,98,7499.122
149,98,7493.2638
150,98,7491.044
151,98,7483.3954
152,98,7479.9567
153,98,7470.5014
154,98,7465.3474
155,98,7454.8297
156,98,7449.2259
157,98,7438
158,98,7432
140,99,7481
141,99,7481
142,99,7485
143,99,7483
144,99,7486
145,99,7483
146,99,7485
147,99,7480.7849
148,99,7480.1005
149,99,7476
150,99,7474
151,99,7469
152,99,7465.8842
153,99,7457.2428
154,99,7452.8879
155,99,7443.5759
156,99,7437.8216
157,99,7428
158,99,7422
159,99,7412
141,100,7459
142,100,7465
143,100,7464
144,100,7468
145,100,7465
146,100,7467.9608
147,100,7464
148,100,7465.9451
149,100,7461.8649
150,100,7462.0905
151,100,7457.0013
152,100,7456.0351
153,100,7448.4712
154,100,7444.7936
155,100,7435.886
156,100,7431.7888
157,100,7422.1942
158,100,7418
159,100,7407
160,100,7402
143,101,7438
144,101,7441
145,101,7441
146,101,7444
147,101,7442
148,101,7444.0169
149,101,7441.6533
150,101,7441.9005
151,101,7438.4444
152,101,7438
153,101,7432
154,101,7428.7333
155,101,7421
156,101,7417.5845
157,101,7409.6615
158,101,7405
159,101,7396
160,101,7391
161,101,7382
146,102,7424
147,102,7422
148,102,7426
149,102,7423
150,102,7425.7992
151,102,7422.4719
152,102,7423.5909
153,102,7417.9403
154,102,7416.5429
155,102,7409.6587
156,102,7407
157,102,7399.9714
158,102,7397
159,102,7388
160,102,7385
161,102,7376
162,102,7371
148,103,7400
149,103,7400
150,103,7402.918
151,103,7401.1306
152,103,7402.5767
153,103,7398.1605
154,103,7397
155,103,7392
156,103,7390
157,103,7383
158,103,7381
159,103,7374
160,103,7371
161,103,7363
162,103,7359
163,103,7349
149,104,7380
150,104,7384
151,104,7382
152,104,7385.4349
153,104,7381.7053
154,104,7382.5257
155,104,7377
156,104,7377
157,104,7371.3858
158,104,7370
159,104,7364
160,104,7361
161,104,7354
162,104,7351
163,104,7342
164,104,7337
150,105,7359
151,105,7359
152,105,7361.9767
153,105,7359.4803
154,105,7360.3626
155,105,7357
156,105,7357
157,105,7352
158,105,7352
159,105,7346
160,105,7345
161,105,7339
162,105,7337
163,105,7328
164,105,7323
165,105,7314
152,106,7342
153,106,7340
154,106,7342.5632
155,106,7339.771
156,106,7341.1736
157,106,7337
158,106,7338
159,106,7333
160,106,7332
161,106,7327
162,106,7326
163,106,7318
164,106,7314
165,106,7305
166,106,7301
167,106,7292
153,107,7314
154,107,7317.3313
155,107,7315.7331
156,107,7318
157,107,7315
158,107,7316
159,107,7313
160,107,7313
161,107,7309
162,107,7309
163,107,7301
164,107,7298
165,107,7290
166,107,7286
167,107,7278
168,107,7273
169,107,7265
170,107,7260
171,107,7251
155,108,7295
156,108,7298.3762
157,108,7296.2474
158,108,7298.2611
159,108,7295
160,108,7297
161,108,7294
162,108,7295
163,108,7288
164,108,7286
165,108,7279
166,108,7276
167,108,7268
168,108,7265
169,108,7256
170,108,7252
171,108,7243
172,108,7239
156,109,7272
157,109,7270.7598
158,109,7273
159,109,7271
160,109,7274
161,109,7271
162,109,7273
163,109,7267
164,109,7265
165,109,7259
166,109,7257
167,109,7250
168,109,7247
169,109,7240
170,109,7237
171,109,7229
172,109,7225
173,109,7218
157,110,7248
158,110,7252
159,110,7250.1551
160,110,7253.7634
161,110,7252
162,110,7255
163,110,7250
164,110,7249
165,110,7243
166,110,7243
167,110,7237
168,110,7236
169,110,7229
170,110,7227
171,110,7220
172,110,7217
173,110,7210
174,110,7207
161,111,7227
162,111,7230
163,111,7227
164,111,7227
165,111,7223
166,111,7222
167,111,7218
168,111,7216
169,111,7212
170,111,7209
171,111,7204
172,111,7201
173,111,7195
174,111,7192
175,111,7185
164,112,7209
165,112,7205
166,112,7206
167,112,7202
168,112,7202
169,112,7197
170,112,7197
171,112,7192
172,112,7191
173,112,7185
174,112,7183
175,112,7176
176,112,7174
165,113,7181
166,113,7183
167,113,7180
168,113,7181
169,113,7177
170,113,7177
171,113,7173
172,113,7172
173,113,7168
174,113,7166
175,113,7160
176,113,7158
177,113,7152
170,114,7163
171,114,7159
172,114,7159
173,114,7155
174,114,7154
175,114,7149
176,114,7147
177,114,7141
172,115,7139
173,115,7135
174,115,7135
175,115,7131
176,115,7129
177,115,7124
173,116,7119
174,116,7120
175,116,7116
176,116,7116
177,116,7111
174,117,7098
175,117,7095
176,117,7095
177,117,7092
175,118,7078
176,118,7079
177,118,7076
